source_id	archive_path	sha256	duration_s	decoded_frames	embedded_title	provenance	evidence_class	machine_scope	use
VID001	video/meth1.asf	10085bf6766628d01eaf08a1b43219e9bdc2ddcc9ccb6e7d20f9b53ab64112a4	153.936	3821	Electrostatic Energy	artist metadata: Race to Zero Point Tape; copyright www.overunity.com	A1/S2	comparison,MX	contextual electrostatic-machine and Testatika visual comparison
VID002	video/meth2.asf	a9ad8108b7b2b7f2b43b7bc9c149c034c6db12bae1d7da43f2578f2a03dab331	114.118	2776	Methernitha Testatika machine	copyright/comment metadata: www.methernitha.com	A1/O1-visual	M6	large-machine visual geometry; do not transfer cylinders/coils to M2
VID003	video/meth3.asf	2dfbd6f48520adf5fa5e049b1ecc95ea0df2897319ebda605466d4564d8977c3	125.918	3129	Methernitha Testatika 3 KWatts machine	copyright/comment metadata: www.methernitha.com	A1/O1-visual	M6	large 3-kW family side/detail views
VID004	video/meth4.asf	6a1c395231eb70185c0348cdf86a66bdfb00d089be6d6cfa274d43511c791d42	100.286	2476	Methernitha Testatika smaller 300 Watts machine	copyright/comment metadata: www.methernitha.com	A1/O1-visual	M2/M3 candidate	same visible assembly as testabig.jpg; hub arcs, layered outer panels, pot/lower-centre closeups
VID005	video/meth5.asf	12d81a012b8b1c827c44de1ba735bd652858dc2cd474f1dbbf5d0f4bbce7b51d	195.686	4869	Testatika 3 KWatts machine powering a load	copyright/comment metadata: www.methernitha.com	A1/O1-visual claim	M6	load demonstration and instrumentation; not closed energy balance
VID006	video/testa01.ram	7f021a14f67062107d75a8dffff5c42ceea9cc741f38cae3d484a9d7bc0af8ef	318.957	7955	Dieter Dienst speaking with Luzi Cathomen	RealMedia metadata: author Dieter Dienst; creation 2001-11-17; abstract says visiting Methernitha labs	A1/O1 media	M7,MX,multiple	workshop multi-machine footage; side/rear subsystem precedent; audio provenance line
VID007	video/testa02.ram	3975094aa0d56a1b894d49ecc5b476e74f11705d1668bda66683851579f6c8df	317.041	7899	Testa02	RealMedia metadata: author Dieter Dienst; creation 2001-11-17; same visit abstract	A1/O1 media	M7,MX,multiple	continuation of workshop multi-machine footage; includes several distinct assemblies
VID008	video/testatikadeutsch.wmv	19df1f29ffce63646ada6c2256b65bcd216e45d47fbe6ddeab4459b90e68575b	114.118	2520	Methernitha Testatika machine	copyright/comment metadata: www.methernitha.com; visual sequence matches VID002	A1/O1-visual duplicate	M6	language/audio variant; do not count as independent geometric evidence
IMG001	testabig.jpg	1151cbcff9e1621c38340cab2c19c2ea60bbf646474358d0731cc292100eb1e7	NA	NA	high-resolution small-machine still	1884x1601; visual configuration matches VID004	P1/O1-visual candidate	M2/M3 candidate	primary V3 photogrammetry image; linked to moving footage by component-level visual identity
